{"a": 4.428378704050307, "b": 0.4915435981031481, "future_window": 0}